Chuckame,Thu Apr 25 12:54:43 2024 +0200
Leonid Startsev,Wed Apr 24 12:53:46 2024 +0200
Diego José Fernández Hernández,Thu Mar 21 16:35:55 2024 +0100
Oleg Yukhnevich,Tue Mar 5 20:04:58 2024 +0200
Leonid Startsev,Fri Feb 16 19:58:58 2024 +0100
Leonid Startsev,Fri Feb 16 14:49:08 2024 +0100
Leonid Startsev,Fri Feb 16 14:40:54 2024 +0100
Yahor Berdnikau,Wed Feb 14 10:55:15 2024 +0100
Sergey Shanshin,Tue Feb 13 16:04:37 2024 +0300
Yahor Berdnikau,Mon Feb 12 19:24:15 2024 +0100
Shreck Ye,Tue Feb 6 17:56:11 2024 +0800
Loïc Lamarque,Tue Feb 6 10:48:06 2024 +0100
Alexander Udalov,Thu Jan 25 11:27:53 2024 +0100
Emil Kantis,Wed Jan 24 14:47:59 2024 +0100
Felipe Rotilho,Fri Jan 12 16:09:03 2024 +0100
Leonid Startsev,Mon Jan 8 14:08:56 2024 +0100
Leonid Startsev,Tue Dec 19 17:03:39 2023 +0100
Leonid Startsev,Mon Dec 18 15:09:29 2023 +0100
Leonid Startsev,Wed Dec 6 14:09:26 2023 +0100
Leonid Startsev,Wed Dec 6 14:09:26 2023 +0100
Oleg Yukhnevich,Tue Dec 5 21:01:35 2023 +0200
Matt,Tue Dec 5 18:19:18 2023 +0000
Oleg Yukhnevich,Tue Dec 5 20:18:19 2023 +0200
Leonid Startsev,Mon Dec 4 18:27:42 2023 +0100
Oleg Yukhnevich,Mon Dec 4 19:26:24 2023 +0200
Ilya Goncharov,Fri Dec 1 16:05:01 2023 +0100
Leonid Startsev,Thu Nov 30 12:50:10 2023 +0100
igoriakovlev,Tue Nov 21 16:54:17 2023 +0100
Stanislav Ruban,Thu Nov 16 18:50:17 2023 +0200
Leonid Startsev,Thu Nov 16 16:51:59 2023 +0100
Leonid Startsev,Wed Nov 15 12:36:36 2023 +0100
Leonid Startsev,Mon Nov 13 18:03:10 2023 +0100
Phillip Schichtel,Fri Oct 27 14:54:55 2023 +0200
Leonid Startsev,Thu Oct 26 15:10:51 2023 +0200
Leonid Startsev,Thu Oct 26 14:43:17 2023 +0200
Leonid Startsev,Wed Oct 25 14:16:14 2023 +0200
Leonid Startsev,Tue Oct 24 11:59:25 2023 +0200
eater,Fri Oct 20 17:50:34 2023 +0200
Leonid Startsev,Thu Oct 19 18:16:43 2023 +0200
Leonid Startsev,Thu Oct 19 12:49:54 2023 +0200
Leonid Startsev,Wed Oct 18 16:04:52 2023 +0200
Alexander.Likhachev,Fri Oct 13 18:30:15 2023 +0200
Sebastian Aigner,Thu Oct 12 10:27:48 2023 +0200
Doğaç Eldenk,Tue Oct 10 19:17:05 2023 +0300
Vsevolod Tolstopyatov,Tue Oct 10 09:59:19 2023 +0200
Misode,Mon Oct 9 14:58:02 2023 +0200
Leonid Startsev,Thu Sep 21 14:46:24 2023 +0200
Peanuuutz,Fri Sep 15 23:02:16 2023 +0800
Leonid Startsev,Thu Sep 14 19:53:40 2023 +0200
Leonid Startsev,Thu Sep 14 15:49:09 2023 +0200
Leonid Startsev,Thu Sep 14 15:48:36 2023 +0200
Leonid Startsev,Wed Sep 13 17:11:35 2023 +0200
igoriakovlev,Tue Sep 12 15:54:16 2023 +0200
Leonid Startsev,Mon Sep 11 17:59:29 2023 +0200
Nikita Bobko,Mon Sep 4 13:09:37 2023 +0200
Leonid Startsev,Tue Aug 22 17:05:57 2023 +0200
Leonid Startsev,Tue Aug 22 17:03:51 2023 +0200
Leonid Startsev,Tue Aug 22 13:59:49 2023 +0200
Leonid Startsev,Mon Aug 21 15:55:14 2023 +0200
Doğaç Eldenk,Mon Aug 14 18:15:50 2023 +0300
Leonid Startsev,Tue Aug 8 21:45:15 2023 +0200
Leonid Startsev,Mon Aug 7 19:35:38 2023 +0200
Vsevolod Tolstopyatov,Thu Aug 10 15:03:08 2023 +0200
Leonid Startsev,Wed Aug 9 11:08:46 2023 +0200
Vsevolod Tolstopyatov,Mon Aug 7 10:52:24 2023 +0200
Margarita Bobova,Fri Aug 4 14:18:55 2023 +0200
Leonid Startsev,Thu Aug 3 18:53:17 2023 +0200
Leonid Startsev,Thu Aug 3 15:28:01 2023 +0200
Sebastian Aigner,Thu Aug 3 14:47:47 2023 +0200
Margarita Bobova,Thu Aug 3 08:34:45 2023 +0200
Sergey Shanshin,Wed Aug 2 19:41:51 2023 +0300
Leonid Startsev,Wed Aug 2 18:08:03 2023 +0200
Leonid Startsev,Wed Aug 2 15:43:47 2023 +0200
Stanislav Erokhin,Wed Aug 2 15:32:42 2023 +0200
Björn Kautler,Wed Aug 2 14:04:27 2023 +0200
Vsevolod Tolstopyatov,Thu Jul 27 14:47:26 2023 +0200
Artem Kobzar,Mon Jul 24 20:06:26 2023 +0200
Sergey Shanshin,Wed Jul 26 17:27:19 2023 +0300
Artem Kobzar,Mon Jul 24 20:06:26 2023 +0200
Leonid Startsev,Mon Jul 24 16:14:19 2023 +0200
Simon Marquis,Thu Jul 20 12:08:56 2023 +0200
Leonid Startsev,Mon Jul 17 18:32:21 2023 +0200
Leonid Startsev,Fri Jul 14 17:26:01 2023 +0200
Leonid Startsev,Fri Jul 14 14:59:42 2023 +0200
Shreck Ye,Wed Jul 12 20:58:30 2023 +0800
Henok Woldesenbet,Tue Jul 11 04:55:21 2023 -0700
Leonid Startsev,Wed Jul 5 19:18:17 2023 +0200
Sebastian Sellmair,Wed Jul 5 12:49:09 2023 +0200
Pavel Vasin,Thu Jun 29 16:34:19 2023 +0300
Ugljesa Jovanovic,Thu Jun 29 13:44:16 2023 +0200
Leonid Startsev,Mon Jun 26 18:42:58 2023 +0200
Abduqodiri Qurbonzoda,Fri Jun 23 16:03:55 2023 +0300
Margarita Bobova,Fri Jun 23 15:03:38 2023 +0200
Leonid Startsev,Wed Jun 21 15:56:15 2023 +0200
Leonid Startsev,Tue Jun 20 15:58:46 2023 +0200
Leonid Startsev,Thu Jun 22 12:13:06 2023 +0200
Leonid Startsev,Thu Jun 22 12:12:26 2023 +0200
Adam,Mon Jun 19 12:02:41 2023 +0200
Alexander Shabalin,Wed Jun 14 13:53:48 2023 +0200
Sergey Shanshin,Tue Jun 13 16:37:25 2023 +0300
Sergey Shanshin,Tue Jun 13 16:13:29 2023 +0300
Leonid Startsev,Fri May 26 14:45:49 2023 +0200
Artem Kobzar,Thu May 25 21:40:02 2023 +0200
Ignat Beresnev,Thu May 25 21:36:37 2023 +0200
Vinccool96,Thu May 25 10:11:38 2023 -0400
Pavel Vasin,Mon May 22 15:40:01 2023 +0300
Leonid Startsev,Wed May 17 12:32:30 2023 +0200
Roberto Blázquez,Wed May 17 12:12:36 2023 +0200
Leonid Startsev,Wed May 17 11:53:24 2023 +0200
Leonid Startsev,Thu May 11 13:25:51 2023 +0200
Sergey Shanshin,Wed May 10 20:13:37 2023 +0300
Sergey Shanshin,Wed May 10 17:35:37 2023 +0300
Leonid Startsev,Tue May 9 17:31:43 2023 +0200
aSemy,Tue May 9 17:30:56 2023 +0200
Pavel Vasin,Mon May 8 17:03:23 2023 +0300
Pavel Vasin,Tue May 2 16:58:24 2023 +0300
Stuart Kent,Mon May 1 06:37:09 2023 -0400
EdwarDDay,Tue Apr 25 13:50:16 2023 +0200
Leonid Startsev,Thu Apr 20 12:19:40 2023 +0200
Leonid Startsev,Thu Apr 20 12:18:38 2023 +0200
Sergey Shanshin,Wed Apr 19 19:34:00 2023 +0300
Leonid Startsev,Wed Apr 19 18:15:55 2023 +0200
Ignat Beresnev,Mon Apr 17 19:02:53 2023 +0200
Jun Tomioka,Mon Apr 17 22:12:19 2023 +0900
Margarita Bobova,Mon Apr 10 19:25:02 2023 +0200
Leonid Startsev,Wed Mar 29 18:18:54 2023 +0200
Ben Woodworth,Mon Mar 27 09:35:24 2023 -0400
stevenlele,Mon Mar 27 21:34:43 2023 +0800
Michael Rittmeister,Tue Mar 21 17:58:07 2023 +0100
Mikhail Zarechenskiy,Wed Mar 15 16:03:03 2023 +0100
Sergey Shanshin,Wed Mar 15 13:45:09 2023 +0100
madhead,Wed Mar 8 13:30:58 2023 +0100
Sergey.Shanshin,Mon Mar 6 15:48:54 2023 +0100
Sergey.Shanshin,Mon Mar 6 14:53:27 2023 +0100
Sergey.Shanshin,Mon Mar 6 14:53:27 2023 +0100
lucapette,Wed Mar 1 18:50:35 2023 +0100
aSemy,Wed Mar 1 16:50:49 2023 +0100
Vsevolod Tolstopyatov,Tue Feb 28 17:47:11 2023 +0300
Leonid Startsev,Mon Feb 27 11:18:16 2023 +0100
Leonid Startsev,Fri Feb 24 16:21:56 2023 +0100
Sergey Shanshin,Fri Feb 24 16:20:18 2023 +0300
Leonid Startsev,Thu Feb 23 20:05:55 2023 +0100
Leonid Startsev,Thu Feb 23 18:47:28 2023 +0100
Alexander Mikhailov,Thu Feb 23 20:33:13 2023 +0300
Alexey Sviridov,Thu Feb 16 14:26:38 2023 +0100
Leonid Startsev,Mon Jan 30 16:29:47 2023 +0100
Leonid Startsev,Mon Jan 30 16:16:04 2023 +0100
Sergey Shanshin,Mon Feb 6 17:42:42 2023 +0300
Sergey Shanshin,Mon Feb 6 17:04:19 2023 +0300
Sergey Shanshin,Mon Feb 6 16:40:02 2023 +0300
aSemy,Fri Jan 27 18:26:06 2023 +0100
aSemy,Fri Jan 27 17:04:07 2023 +0100
Leonid Startsev,Thu Jan 26 12:29:05 2023 +0100
Leonid Startsev,Thu Jan 26 12:15:58 2023 +0100
Leonid Startsev,Wed Jan 25 12:54:56 2023 +0100
Leonid Startsev,Tue Jan 24 18:07:33 2023 +0100
Sergey Shanshin,Tue Jan 17 16:06:05 2023 +0300
Leonid Startsev,Mon Jan 9 18:49:09 2023 +0100
Sergey Shanshin,Mon Jan 9 16:26:35 2023 +0300
Leonid Startsev,Thu Jan 5 15:32:36 2023 +0100
Vsevolod Tolstopyatov,Tue Jan 3 23:02:17 2023 +0100
Vasily Vasilkov,Thu Dec 29 21:13:39 2022 +0400
Vasily Vasilkov,Thu Dec 29 21:13:39 2022 +0400
Sergey Shanshin,Mon Dec 19 17:15:41 2022 +0300
Sergey Shanshin,Wed Dec 14 21:19:36 2022 +0300
Leonid Startsev,Fri Dec 2 15:40:34 2022 +0100
Sergey Shanshin,Fri Dec 2 16:34:55 2022 +0300
Leonid Startsev,Tue Nov 29 18:08:32 2022 +0100
Vsevolod Tolstopyatov,Mon Nov 28 10:27:28 2022 +0100
Margarita Bobova,Fri Nov 25 16:46:09 2022 +0100
Vsevolod Tolstopyatov,Thu Nov 24 15:17:48 2022 +0100
Vsevolod Tolstopyatov,Thu Nov 24 15:07:45 2022 +0100
Yahor Berdnikau,Thu Nov 24 14:06:30 2022 +0100
Leonid Startsev,Wed Nov 23 18:15:49 2022 +0100
Sergey Shanshin,Tue Nov 22 17:55:51 2022 +0300
Anton Bannykh,Mon Nov 21 20:55:17 2022 +0300
Igor Kozlenko,Wed Nov 16 19:20:16 2022 +0100
Vsevolod Tolstopyatov,Tue Nov 15 12:32:38 2022 +0100
Myron Marston,Mon Nov 14 08:35:56 2022 -0800
Alexander Mikhailov,Thu Nov 10 19:25:09 2022 +0300
xn32,Thu Nov 10 16:51:42 2022 +0100
Sergey Shanshin,Tue Nov 1 15:34:38 2022 +0300
Alexander Mikhailov,Thu Oct 27 18:51:51 2022 +0300
Leonid Startsev,Thu Oct 27 18:45:16 2022 +0300
Leonid Startsev,Thu Oct 27 18:27:34 2022 +0300
Lukellmann,Wed Oct 26 14:15:28 2022 +0200
aSemy,Fri Oct 21 16:05:55 2022 +0200
Vsevolod Tolstopyatov,Wed Oct 19 13:15:00 2022 +0300
Leonid Startsev,Fri Oct 14 17:18:08 2022 +0300
Leonid Startsev,Thu Oct 13 17:55:28 2022 +0200
aSemy,Thu Oct 13 17:20:01 2022 +0200
Rodrigo Vedovato,Thu Oct 13 12:19:03 2022 -0300
aSemy,Thu Oct 13 15:45:39 2022 +0200
Leonid Startsev,Wed Oct 12 17:57:15 2022 +0200
Leonid Startsev,Tue Sep 27 20:44:30 2022 +0200
Leonid Startsev,Tue Sep 27 20:44:53 2022 +0200
Sergey Shanshin,Fri Sep 23 15:21:30 2022 +0300
Sergey Shanshin,Thu Sep 22 20:53:25 2022 +0300
Sergey Shanshin,Thu Sep 22 20:38:37 2022 +0300
Leonid Startsev,Thu Sep 22 19:06:51 2022 +0300
Leonid Startsev,Wed Sep 21 18:16:38 2022 +0300
Leonid Startsev,Thu Sep 15 17:19:19 2022 +0300
Sergey Shanshin,Fri Sep 9 14:05:55 2022 +0300
Sergey.Shanshin,Tue Jan 25 19:09:21 2022 +0300
Sergey Shanshin,Wed Sep 7 20:52:08 2022 +0300
Sergey Shanshin,Wed Sep 7 12:47:47 2022 +0300
Atsuto Yamashita,Sun Sep 4 00:19:37 2022 +0900
Atsuto Yamashita,Sat Sep 3 23:52:21 2022 +0900
Leonid Startsev,Mon Aug 22 14:28:31 2022 +0200
Osip Fatkullin,Sat Aug 27 14:47:20 2022 +0300
Leonid Startsev,Fri Aug 19 15:05:34 2022 +0200
Leonid Startsev,Thu Aug 18 14:37:54 2022 +0200
Leonid Startsev,Thu Aug 18 14:27:10 2022 +0200
Nikolay Pachkov,Thu Aug 18 14:20:31 2022 +0200
Nikolay Pachkov,Wed Aug 17 17:53:53 2022 +0200
Sergey Shanshin,Mon Aug 15 18:52:44 2022 +0300
sya-ri,Mon Aug 15 20:32:23 2022 +0900
Martin Bonnin,Thu Jul 21 19:20:28 2022 +0200
Leonid Startsev,Tue Jul 19 23:41:31 2022 +0200
Leonid Startsev,Mon Jul 18 17:05:53 2022 +0200
Sergey Shanshin,Tue Jul 12 19:00:02 2022 +0300
Vsevolod Tolstopyatov,Mon Jul 11 13:10:32 2022 +0200
Leonid Startsev,Thu Jul 7 13:49:35 2022 +0200
Vsevolod Tolstopyatov,Tue Jul 5 17:37:13 2022 +0200
Vsevolod Tolstopyatov,Mon Jul 4 12:17:24 2022 +0200
Leonid Startsev,Mon Jul 4 11:43:06 2022 +0200
Sergey Shanshin,Thu Jun 30 15:43:42 2022 +0300
Konstantin Chernenko,Tue Jun 28 17:10:29 2022 +0300
Vsevolod Tolstopyatov,Fri Jun 24 16:43:57 2022 +0200
Vsevolod Tolstopyatov,Fri Jun 24 16:41:45 2022 +0200
Vsevolod Tolstopyatov,Fri Jun 24 16:36:32 2022 +0200
Leonid Startsev,Tue Jun 21 13:44:21 2022 +0200
Leonid Startsev,Fri Jun 17 22:43:27 2022 +0200
Sergey Shanshin,Thu Jun 16 14:27:03 2022 +0300
Lin Xi,Thu Jun 16 17:09:04 2022 +0800
Leonid Startsev,Wed Jun 15 22:48:02 2022 +0300
Leonid Startsev,Wed Jun 15 21:20:52 2022 +0300
Lukellmann,Tue Jun 7 17:56:22 2022 +0200
EdwarDDay,Tue Jun 7 17:24:28 2022 +0200
aSemy,Thu Jun 2 15:16:49 2022 +0200
Vsevolod Tolstopyatov,Wed Jun 1 01:40:21 2022 +0300
Leonid Startsev,Wed May 25 13:16:48 2022 +0300
Egor Tolstoy,Wed May 25 12:08:46 2022 +0300
Leon Linhart,Wed May 18 16:18:56 2022 +0200
Philip Wedemann,Wed May 18 10:07:03 2022 +0200
Leonid Startsev,Wed May 11 14:55:47 2022 +0300
Leonid Startsev,Wed May 11 14:36:29 2022 +0300
Leonid Startsev,Wed May 11 14:31:03 2022 +0300
Vsevolod Tolstopyatov,Wed May 11 17:13:57 2022 +0600
Leonid Startsev,Thu May 5 23:15:46 2022 +0300
Leonid Startsev,Thu May 5 21:28:23 2022 +0300
Philip Wedemann,Wed May 4 13:57:36 2022 +0200
Paul de Vrieze,Sat Apr 16 15:04:35 2022 +0100
Paul de Vrieze,Fri Feb 4 13:13:17 2022 +0000
Vsevolod Tolstopyatov,Wed Apr 27 07:14:55 2022 -0700
Vsevolod Tolstopyatov,Wed Apr 27 06:22:03 2022 -0700
Ignacio Ruiz,Fri Mar 25 17:19:25 2022 +0100
aSemy,Thu Mar 17 14:55:02 2022 +0100
Justin Heyes-Jones,Thu Feb 24 08:27:03 2022 -0800
Leonid Startsev,Tue Feb 22 15:31:41 2022 +0300
Vsevolod Tolstopyatov,Thu Feb 17 05:06:20 2022 -0800
Sergey.Shanshin,Mon Jan 24 15:54:48 2022 +0300
Paul de Vrieze,Wed Feb 2 13:38:22 2022 +0000
Sebastian Schuberth,Fri Jan 28 16:23:48 2022 +0100
Sebastian Schuberth,Fri Jan 28 14:30:28 2022 +0100
Sebastian Schuberth,Fri Jan 28 14:30:28 2022 +0100
Leonid Startsev,Wed Jan 26 12:45:00 2022 +0300
Paul de Vrieze,Tue Jan 18 14:04:08 2022 +0000
Vsevolod Tolstopyatov,Tue Jan 18 11:39:00 2022 +0300
Leonid Startsev,Mon Jan 17 18:14:39 2022 +0300
Ignat Beresnev,Mon Dec 27 18:40:50 2021 +0300
Leonid Startsev,Mon Dec 27 15:20:32 2021 +0300
Sebastian Aigner,Sat Dec 25 13:58:00 2021 +0100
Leonid Startsev,Thu Dec 23 18:13:27 2021 +0300
Leonid Startsev,Thu Dec 23 17:43:07 2021 +0300
Leonid Startsev,Wed Dec 22 19:50:11 2021 +0300
Osip Fatkullin,Thu Dec 23 17:39:44 2021 +0300
tobiaslieber,Mon Dec 20 13:34:59 2021 +0100
Leonid Startsev,Wed Dec 15 18:55:06 2021 +0300
Lars Artmann,Mon Dec 13 10:36:16 2021 +0100
Leonid Startsev,Tue Nov 30 16:17:10 2021 +0300
Vsevolod Tolstopyatov,Mon Nov 22 20:51:09 2021 +0300
Vsevolod Tolstopyatov,Mon Nov 22 19:50:18 2021 +0300
Joseph Burton,Mon Nov 22 15:37:37 2021 +0000
Leonid Startsev,Mon Nov 22 15:21:46 2021 +0300
Nicklas Ansman Giertz,Mon Nov 22 04:35:34 2021 -0500
Leonid Startsev,Thu Nov 11 15:17:07 2021 +0300
Leonid Startsev,Thu Nov 11 14:44:10 2021 +0300
Leonid Startsev,Thu Nov 11 14:42:43 2021 +0300
Leonid Startsev,Wed Nov 10 13:59:05 2021 +0300
Leonid Startsev,Fri Oct 29 14:41:49 2021 +0300
Steven Jeuris,Fri Oct 29 10:44:50 2021 +0200
Dimitri Saridakis,Tue Oct 19 14:53:13 2021 +0100
Vsevolod Tolstopyatov,Thu Oct 14 15:54:07 2021 +0300
Paul de Vrieze,Thu Oct 14 12:29:11 2021 +0100
Ahmed Mourad,Wed Oct 13 12:48:33 2021 +0200
Paul de Vrieze,Wed Oct 13 11:47:56 2021 +0100
Sergey Shanshin,Fri Oct 8 15:09:53 2021 +0300
Leonid Startsev,Thu Sep 30 15:02:49 2021 +0300
Leonid Startsev,Thu Sep 23 20:03:35 2021 +0300
Leonid Startsev,Thu Sep 23 20:01:52 2021 +0300
Leonid Startsev,Thu Sep 23 16:51:11 2021 +0300
Leonid Startsev,Thu Sep 23 16:07:39 2021 +0300
Vsevolod Tolstopyatov,Wed Sep 22 18:57:11 2021 +0300
Leonid Startsev,Wed Sep 22 18:56:15 2021 +0300
David Robertson,Fri Sep 17 16:31:49 2021 +0100
Pavel Semyonov,Fri Sep 17 21:48:18 2021 +0700
Gerard de Leeuw,Wed Sep 8 17:01:50 2021 +0200
Leonid Startsev,Mon Sep 6 15:09:45 2021 +0300
Leonid Startsev,Mon Sep 6 15:00:48 2021 +0300
Leonid Startsev,Mon Sep 6 14:11:34 2021 +0300
Leonid Startsev,Mon Sep 6 14:39:17 2021 +0300
Ben Woodworth,Fri Sep 3 12:37:17 2021 -0400
Leonid Startsev,Fri Sep 3 18:34:21 2021 +0300
Gerard de Leeuw,Fri Sep 3 16:08:35 2021 +0200
Leonid Startsev,Fri Sep 3 16:56:40 2021 +0300
Leonid Startsev,Wed Sep 1 15:07:44 2021 +0300
Geert,Sun Aug 29 14:30:58 2021 +0200
Leonid Startsev,Tue May 25 16:59:33 2021 +0300
Leonid Startsev,Mon May 24 18:29:07 2021 +0300
Leonid Startsev,Thu May 20 15:05:35 2021 +0300
Andrey Aksenov,Fri Aug 20 20:07:24 2021 +0300
Leonid Startsev,Tue Aug 17 22:47:24 2021 +0300
Vsevolod Tolstopyatov,Tue Aug 17 14:05:19 2021 +0300
Vsevolod Tolstopyatov,Mon Aug 16 15:57:38 2021 +0300
Leonid Startsev,Thu Aug 12 22:06:44 2021 +0300
Leonid Startsev,Thu Aug 12 22:05:21 2021 +0300
Sergey Shanshin,Thu Aug 12 18:59:01 2021 +0300
Sergey Shanshin,Thu Aug 12 18:52:12 2021 +0300
Leonid Startsev,Thu Aug 12 15:33:10 2021 +0300
Jumpaku,Thu Aug 12 20:51:59 2021 +0900
Sergey Shanshin,Fri Jul 30 15:48:42 2021 +0300
Jakob K,Mon Jul 26 12:28:06 2021 +0200
Vsevolod Tolstopyatov,Mon Jul 19 17:26:29 2021 +0300
Andrey Kuleshov,Thu Jul 15 14:16:00 2021 +0300
Vsevolod Tolstopyatov,Mon Jul 12 19:38:07 2021 +0300
Leonid Startsev,Thu Jul 8 18:25:17 2021 +0300
Leonid Startsev,Thu Jul 8 15:51:53 2021 +0300
Leonid Startsev,Thu Jul 8 12:12:06 2021 +0300
David Taylor,Tue Jul 6 07:40:36 2021 -0700
Sergey Shanshin,Mon Jun 28 13:10:40 2021 +0300
Leonid Startsev,Mon Jun 28 13:02:07 2021 +0300
Sergey Shanshin,Sat Jun 26 17:19:55 2021 +0300
Sergey Shanshin,Fri Jun 25 17:24:19 2021 +0300
Sergey Shanshin,Fri Jun 25 11:21:57 2021 +0300
Petter Måhlén,Thu Jun 24 13:47:35 2021 +0200
Paul de Vrieze,Tue Jun 22 12:33:13 2021 +0100
Fadenfire,Mon Jun 21 16:50:16 2021 -0500
Vsevolod Tolstopyatov,Tue Jun 15 16:23:44 2021 +0300
Vsevolod Tolstopyatov,Tue Jun 15 16:18:47 2021 +0300
dimitark,Tue Jun 15 14:03:15 2021 +0200
Leonid Startsev,Fri Jun 11 15:21:09 2021 +0300
Sergey Shanshin,Fri Jun 11 14:32:55 2021 +0300
Vsevolod Tolstopyatov,Wed Jun 9 15:38:57 2021 +0300
Dominic Fischer,Mon May 31 13:17:50 2021 +0100
Sergey Shanshin,Wed May 26 15:53:48 2021 +0300
Mark Kosichkin,Mon May 24 21:38:20 2021 +0300
Leonid Startsev,Tue May 18 18:36:19 2021 +0300
Leonid Startsev,Tue May 18 18:33:26 2021 +0300
Vsevolod Tolstopyatov,Fri May 21 06:07:50 2021 -0700
Leonid Startsev,Thu May 20 16:37:49 2021 +0300
Leonid Startsev,Thu May 20 16:35:43 2021 +0300
Roman Elizarov,Mon May 17 18:53:04 2021 +0300
Leonid Startsev,Thu May 13 22:42:06 2021 +0300
Leonid Startsev,Thu May 13 16:07:47 2021 +0300
Vsevolod Tolstopyatov,Thu May 13 15:25:45 2021 +0300
Leonid Startsev,Thu May 13 14:36:52 2021 +0300
Sergey Shanshin,Thu May 13 14:36:16 2021 +0300
Leonid Startsev,Thu May 13 12:27:51 2021 +0300
Leonid Startsev,Wed May 12 17:06:47 2021 +0300
Vsevolod Tolstopyatov,Wed May 12 12:40:09 2021 +0300
Vsevolod Tolstopyatov,Tue May 11 17:42:17 2021 +0300
Vsevolod Tolstopyatov,Tue May 11 17:36:51 2021 +0300
Vsevolod Tolstopyatov,Tue May 11 16:55:17 2021 +0300
Vsevolod Tolstopyatov,Tue May 11 16:49:20 2021 +0300
Ben Woodworth,Tue May 11 10:03:26 2021 -0400
Leonid Startsev,Mon Apr 26 15:18:02 2021 +0300
Sergey Shanshin,Mon Apr 26 14:18:23 2021 +0300
Leonid Startsev,Fri Apr 23 22:25:47 2021 +0300
Leonid Startsev,Fri Apr 23 18:09:12 2021 +0300
Leonid Startsev,Tue Apr 20 14:47:44 2021 +0300
Vsevolod Tolstopyatov,Thu Apr 15 12:25:11 2021 +0300
Leonid Startsev,Thu Apr 8 19:17:00 2021 +0300
Leonid Startsev,Tue Apr 6 14:42:33 2021 +0300
Leonid Startsev,Wed Sep 11 17:08:30 2019 +0300
Matthijs van den Bos,Tue Apr 13 20:31:20 2021 +0200
Leonid Startsev,Thu Apr 8 14:35:03 2021 +0300
Vsevolod Tolstopyatov,Tue Apr 6 19:53:11 2021 +0300
Sergey Shanshin,Tue Apr 6 19:42:41 2021 +0300
Sergey Shanshin,Mon Apr 5 15:46:10 2021 +0300
Dmitriy Otstavnov,Mon Apr 5 15:42:03 2021 +0300
Vsevolod Tolstopyatov,Wed Mar 17 15:00:40 2021 +0300
Vsevolod Tolstopyatov,Tue Mar 16 21:25:34 2021 +0300
Leonid Startsev,Tue Mar 16 16:46:31 2021 +0300
Sergey Bogolepov,Tue Mar 16 01:48:37 2021 +0700
EdwarDDay,Mon Mar 15 17:39:29 2021 +0100
EdwarDDay,Fri Mar 12 13:49:03 2021 +0100
Vsevolod Tolstopyatov,Fri Mar 12 12:13:32 2021 +0300
Vsevolod Tolstopyatov,Fri Mar 12 12:12:24 2021 +0300
Vsevolod Tolstopyatov,Fri Mar 12 12:05:21 2021 +0300
Vsevolod Tolstopyatov,Wed Mar 3 07:10:22 2021 -0800
Leonid Startsev,Fri Feb 19 17:06:23 2021 +0300
Leonid Startsev,Tue Feb 16 15:31:13 2021 +0300
Vsevolod Tolstopyatov,Tue Feb 16 01:46:37 2021 -0800
Vsevolod Tolstopyatov,Fri Feb 12 17:08:03 2021 +0300
Vsevolod Tolstopyatov,Fri Feb 12 05:41:01 2021 -0800
Victor Turansky,Thu Feb 11 11:36:35 2021 +0300
Leonid Startsev,Thu Feb 4 17:03:31 2021 +0300
Sergey Shanshin,Thu Feb 4 01:09:46 2021 +0300
Sergey Shanshin,Wed Feb 3 22:32:37 2021 +0300
Leonid Startsev,Wed Feb 3 21:35:18 2021 +0300
Leonid Startsev,Mon Feb 1 18:22:47 2021 +0300
Martin Raison,Mon Feb 1 15:48:49 2021 +0100
Mike Gershunovsky,Mon Feb 1 07:24:22 2021 -0500
Donghyeon Kim,Fri Jan 29 03:17:31 2021 +0900
Leonid Startsev,Thu Jan 28 21:15:18 2021 +0300
Vsevolod Tolstopyatov,Fri Jan 22 03:32:08 2021 -0800
Vsevolod Tolstopyatov,Wed Jan 20 12:29:02 2021 +0300
Vsevolod Tolstopyatov,Wed Jan 20 12:14:01 2021 +0300
Kamil Doległo,Tue Jan 19 19:30:27 2021 +0100
Vsevolod Tolstopyatov,Tue Jan 19 09:32:45 2021 -0800
Leonid Startsev,Fri Dec 25 18:14:47 2020 +0300
Leonid Startsev,Fri Dec 25 17:46:47 2020 +0300
Sergey Shanshin,Thu Dec 24 19:45:26 2020 +0300
Sergey Shanshin,Thu Dec 24 19:35:59 2020 +0300
Ensar Sarajčić,Thu Dec 24 13:04:07 2020 +0100
Leonid Startsev,Thu Dec 24 14:57:55 2020 +0300
Sergey Shanshin,Thu Dec 24 13:59:08 2020 +0300
Leonid Startsev,Tue Dec 22 17:06:43 2020 +0300
Ian Brandt,Thu Dec 10 09:17:38 2020 -0800
Karlatemp,Thu Dec 10 19:08:39 2020 +0800
Anh Le (Andy),Tue Dec 8 19:32:45 2020 +0700
Vsevolod Tolstopyatov,Tue Nov 24 03:57:43 2020 -0800
Ian Brandt,Mon Nov 23 08:23:19 2020 -0800
Ian Brandt,Mon Nov 23 08:11:35 2020 -0800
Ankush Gupta,Mon Nov 23 06:46:37 2020 -0500
Ian Brandt,Sat Nov 21 01:18:57 2020 -0800
Vsevolod Tolstopyatov,Fri Nov 20 05:55:29 2020 -0800
Ian Brandt,Fri Nov 20 03:16:31 2020 -0800
Alexander Likhachev,Tue Nov 17 13:09:24 2020 +0300
EdwarDDay,Mon Nov 16 09:25:57 2020 +0100
Leonid Startsev,Fri Nov 13 15:01:03 2020 +0300
TorRanfelt,Thu Nov 5 12:32:00 2020 +0100
Leonid Startsev,Wed Oct 28 20:08:26 2020 +0300
Leonid Startsev,Wed Oct 28 20:07:08 2020 +0300
Leonid Startsev,Wed Oct 28 15:09:13 2020 +0300
Leonid Startsev,Wed Oct 28 14:25:00 2020 +0300
Leonid Startsev,Wed Oct 28 14:03:04 2020 +0300
Daniel Jasiński,Mon Oct 26 17:58:11 2020 +0100
Leonid Startsev,Mon Oct 26 14:03:33 2020 +0300
Vsevolod Tolstopyatov,Fri Oct 23 10:59:54 2020 -0700
Sergey Shanshin,Thu Oct 22 15:27:39 2020 +0300
Sergey Shanshin,Thu Oct 22 15:23:20 2020 +0300
Daniel Jasiński,Wed Oct 21 22:54:10 2020 +0200
Sergey Shanshin,Wed Oct 21 20:55:12 2020 +0300
Roman Elizarov,Wed Oct 21 20:03:19 2020 +0300
Sergey Shanshin,Wed Oct 21 19:59:51 2020 +0300
Him188,Tue Oct 20 01:02:27 2020 +0800
Travis Wyatt,Tue Oct 13 03:55:06 2020 -0700
Martin Bonnin,Sat Oct 10 14:56:07 2020 +0200
Roman Elizarov,Fri Oct 9 16:34:40 2020 +0300
Aakarshit Uppal,Fri Oct 9 14:18:02 2020 +0530
Leonid Startsev,Thu Oct 8 21:12:46 2020 +0300
Leonid Startsev,Thu Oct 8 18:26:20 2020 +0300
Leonid Startsev,Thu Oct 8 16:00:11 2020 +0300
Leonid Startsev,Thu Oct 8 14:49:45 2020 +0300
Vsevolod Tolstopyatov,Wed Oct 7 08:15:17 2020 -0700
Leonid Startsev,Wed Oct 7 15:41:38 2020 +0300
Vsevolod Tolstopyatov,Wed Oct 7 05:07:58 2020 -0700
Vsevolod Tolstopyatov,Mon Oct 5 07:03:57 2020 -0700
Travis Wyatt,Mon Oct 5 05:38:34 2020 -0700
Vsevolod Tolstopyatov,Sat Oct 3 06:18:32 2020 -0700
Leonid Startsev,Fri Oct 2 15:44:18 2020 +0300
Anders Carling,Thu Oct 1 10:32:51 2020 +0200
Roman Elizarov,Tue Sep 22 17:03:38 2020 +0300
Leonid Startsev,Tue Sep 15 15:49:46 2020 +0300
Leonid Startsev,Tue Sep 22 12:02:41 2020 +0300
Leonid Startsev,Mon Sep 21 14:45:10 2020 +0300
Leonid Startsev,Mon Sep 21 14:06:07 2020 +0300
Leonid Startsev,Mon Sep 21 14:05:05 2020 +0300
Leonid Startsev,Mon Sep 21 14:03:53 2020 +0300
Vsevolod Tolstopyatov,Mon Sep 21 03:37:48 2020 -0700
Sergey Igushkin,Mon Sep 21 13:24:23 2020 +0300
madhead,Sat Sep 19 11:06:37 2020 +0300
Vsevolod Tolstopyatov,Fri Sep 18 19:56:46 2020 +0300
Vsevolod Tolstopyatov,Fri Sep 18 19:55:24 2020 +0300
Vsevolod Tolstopyatov,Fri Sep 18 02:05:04 2020 -0700
Vsevolod Tolstopyatov,Thu Sep 17 10:13:06 2020 -0700
Vsevolod Tolstopyatov,Thu Sep 17 05:50:13 2020 -0700
Jozef Krupik,Wed Sep 16 10:07:10 2020 +0200
Vsevolod Tolstopyatov,Mon Sep 14 15:38:02 2020 +0300
Vsevolod Tolstopyatov,Mon Sep 14 15:00:50 2020 +0300
Vsevolod Tolstopyatov,Mon Sep 14 04:04:34 2020 -0700
Vsevolod Tolstopyatov,Sun Sep 13 16:54:44 2020 +0300
Marcono1234,Sun Sep 13 16:15:08 2020 +0200
Lionel Briand,Sun Sep 13 15:11:18 2020 +0200
Vsevolod Tolstopyatov,Fri Sep 11 13:01:08 2020 -0700
Roman Elizarov,Thu Sep 10 14:53:56 2020 +0300
Sinan Güneş,Wed Sep 9 17:17:59 2020 +0300
Louis CAD,Tue Sep 8 13:04:08 2020 +0200
Pupil,Mon Sep 7 18:58:44 2020 +0900
Vsevolod Tolstopyatov,Thu Sep 3 17:07:35 2020 +0300
Pupil,Wed Sep 2 19:38:31 2020 +0900
Roman Elizarov,Wed Sep 2 12:13:14 2020 +0300
ErikP0,Mon Aug 31 19:42:16 2020 +0200
Andrei Bacalu,Mon Aug 31 20:23:02 2020 +0300
Dominic Fischer,Mon Aug 31 18:18:15 2020 +0100
madhead,Tue Aug 25 14:31:08 2020 +0300
Vsevolod Tolstopyatov,Mon Aug 24 16:01:54 2020 +0300
Vsevolod Tolstopyatov,Mon Aug 24 11:10:18 2020 +0300
Vsevolod Tolstopyatov,Wed Aug 19 13:26:49 2020 +0300
Ben Simon,Wed Aug 19 01:50:41 2020 -0700
Matthew Pope,Tue Aug 18 14:20:15 2020 -0700
Travis Wyatt,Tue Aug 18 02:01:48 2020 -0700
michou,Tue Aug 18 11:27:16 2020 +0300
Vsevolod Tolstopyatov,Mon Aug 17 20:54:52 2020 +0300
Vsevolod Tolstopyatov,Mon Aug 17 03:10:24 2020 -0700
Vsevolod Tolstopyatov,Sat Aug 15 17:38:51 2020 +0300
Vsevolod Tolstopyatov,Fri Aug 14 15:13:27 2020 +0300
Leonid Startsev,Fri Aug 14 15:00:54 2020 +0300
Vsevolod Tolstopyatov,Wed Aug 12 09:10:53 2020 -0700
Vsevolod Tolstopyatov,Tue Aug 11 18:53:05 2020 +0300
Vsevolod Tolstopyatov,Tue Aug 11 15:15:01 2020 +0300
Vsevolod Tolstopyatov,Tue Aug 11 05:08:17 2020 -0700
Roman Elizarov,Tue Aug 11 12:27:36 2020 +0300
Vsevolod Tolstopyatov,Mon Aug 10 05:18:35 2020 -0700
Vsevolod Tolstopyatov,Wed Aug 5 18:10:03 2020 +0300
Vsevolod Tolstopyatov,Mon Aug 3 12:46:55 2020 -0700
Leonid Startsev,Mon Aug 3 14:40:25 2020 +0300
Vsevolod Tolstopyatov,Thu Jul 30 10:28:29 2020 -0700
Leonid Startsev,Thu Jul 30 20:17:51 2020 +0300
Leonid Startsev,Thu Jul 30 19:57:37 2020 +0300
Vsevolod Tolstopyatov,Thu Jul 30 04:17:06 2020 -0700
Vsevolod Tolstopyatov,Wed Jul 29 09:32:28 2020 -0700
Vsevolod Tolstopyatov,Wed Jul 29 09:30:11 2020 -0700
Roman Elizarov,Wed Jul 29 16:54:02 2020 +0300
Travis Wyatt,Wed Jul 29 04:27:36 2020 -0700
Leonid Startsev,Tue Jul 28 18:22:05 2020 +0300
Vsevolod Tolstopyatov,Tue Jul 28 02:53:47 2020 -0700
Vsevolod Tolstopyatov,Thu Jul 23 20:04:15 2020 +0300
Sergey Igushkin,Mon Jul 27 15:03:39 2020 +0400
Leonid Startsev,Thu Jul 23 20:24:43 2020 +0300
Daniel Baird,Thu Jul 23 09:28:59 2020 -0400
Vsevolod Tolstopyatov,Wed Jul 22 04:53:02 2020 -0700
Vsevolod Tolstopyatov,Wed Jul 22 04:10:04 2020 -0700
Vsevolod Tolstopyatov,Wed Jul 22 03:53:28 2020 -0700
Vsevolod Tolstopyatov,Tue Jul 21 13:18:09 2020 -0700
Vsevolod Tolstopyatov,Tue Jul 21 12:20:02 2020 -0700
Vsevolod Tolstopyatov,Thu Jul 16 16:14:35 2020 +0300
Vsevolod Tolstopyatov,Fri Jul 17 18:35:35 2020 +0300
Leonid Startsev,Fri Jul 17 15:49:59 2020 +0300
Leonid Startsev,Tue Jul 14 20:39:52 2020 +0300
Leonid Startsev,Tue Jul 14 20:12:51 2020 +0300
Leonid Startsev,Tue Jul 14 19:25:17 2020 +0300
Leonid Startsev,Tue Jul 21 14:55:38 2020 +0300
Leonid Startsev,Tue Jul 21 14:47:32 2020 +0300
Vsevolod Tolstopyatov,Tue Jul 21 02:47:21 2020 -0700
Leonid Startsev,Fri Jul 17 18:10:42 2020 +0300
Aleksei Tirman,Mon Jul 13 19:44:40 2020 +0300
Vsevolod Tolstopyatov,Sun Jul 12 19:19:13 2020 +0300
Vsevolod Tolstopyatov,Thu Jul 2 17:01:52 2020 +0300
Vsevolod Tolstopyatov,Thu Jul 2 16:47:22 2020 +0300
Vsevolod Tolstopyatov,Mon Jul 13 12:40:45 2020 +0300
Roman Elizarov,Mon Jul 13 14:02:03 2020 +0300
Leonid Startsev,Mon Jul 13 13:35:55 2020 +0300
Vsevolod Tolstopyatov,Wed Jul 8 18:07:58 2020 +0300
Vsevolod Tolstopyatov,Wed Jul 8 15:19:21 2020 +0300
Vsevolod Tolstopyatov,Tue Jul 7 22:30:58 2020 +0300
Vsevolod Tolstopyatov,Wed Jul 8 04:23:19 2020 -0700
Vsevolod Tolstopyatov,Wed Jul 8 04:22:48 2020 -0700
Vsevolod Tolstopyatov,Tue Jul 7 11:12:47 2020 -0700
Leonid Startsev,Thu Jul 2 14:50:39 2020 +0300
Leonid Startsev,Tue Jun 30 19:23:11 2020 +0300
Leonid Startsev,Tue Jun 30 13:07:51 2020 +0300
Vsevolod Tolstopyatov,Mon Jun 29 14:50:39 2020 +0300
Vsevolod Tolstopyatov,Mon Jun 29 14:23:26 2020 +0300
Vsevolod Tolstopyatov,Mon Jun 29 08:33:28 2020 -0700
Vsevolod Tolstopyatov,Mon Jun 29 05:36:02 2020 -0700
Vsevolod Tolstopyatov,Tue Jun 23 15:53:26 2020 +0300
Vsevolod Tolstopyatov,Tue Jun 23 12:26:28 2020 +0300
Vsevolod Tolstopyatov,Mon Jun 22 18:56:25 2020 +0300
Vsevolod Tolstopyatov,Fri Jun 26 17:59:55 2020 +0300
Vsevolod Tolstopyatov,Mon Jun 22 12:29:31 2020 +0300
Leonid Startsev,Mon Jun 22 12:16:14 2020 +0300
Vsevolod Tolstopyatov,Fri Jun 19 07:25:38 2020 -0700
Vsevolod Tolstopyatov,Thu Jun 18 14:21:12 2020 +0300
Vsevolod Tolstopyatov,Wed Jun 17 06:41:00 2020 -0700
Vsevolod Tolstopyatov,Tue Jun 16 08:18:49 2020 -0700
Him188,Sun Jun 14 22:43:37 2020 +0800
Cody Moore,Sun Jun 14 07:30:58 2020 -0400
Vsevolod Tolstopyatov,Tue Jun 9 01:49:35 2020 -0700
Eric Denman,Fri Jun 5 23:05:10 2020 +1200
Ilya Goncharov,Tue Jun 2 17:31:45 2020 +0300
Ilya Goncharov,Tue May 26 16:26:43 2020 +0300
Vsevolod Tolstopyatov,Mon Jun 1 18:24:41 2020 +0300
Sergey Igushkin,Tue May 26 15:54:39 2020 +0300
Vsevolod Tolstopyatov,Wed May 20 11:51:46 2020 +0300
Leonid Startsev,Tue Apr 28 20:37:30 2020 +0300
thumannw,Tue Apr 28 14:59:30 2020 +0200
Magnus Solheim Thrap,Tue Apr 28 12:17:52 2020 +0200
Vsevolod Tolstopyatov,Mon Apr 27 16:48:49 2020 +0300
Vsevolod Tolstopyatov,Mon Apr 27 14:19:40 2020 +0300
Stanislav Erokhin,Fri Apr 24 18:13:32 2020 +0300
Stanislav Erokhin,Fri Apr 24 18:13:32 2020 +0300
Vsevolod Tolstopyatov,Mon Apr 13 15:01:51 2020 +0300
Vsevolod Tolstopyatov,Wed Apr 8 16:09:30 2020 +0300
Vsevolod Tolstopyatov,Wed Apr 8 15:29:07 2020 +0300
Vsevolod Tolstopyatov,Thu Mar 26 17:14:51 2020 +0300
Vsevolod Tolstopyatov,Thu Mar 26 16:40:38 2020 +0300
Vsevolod Tolstopyatov,Thu Mar 26 16:17:34 2020 +0300
Vsevolod Tolstopyatov,Tue Mar 24 12:50:30 2020 +0300
Leonid Startsev,Mon Apr 6 13:43:11 2020 +0300
Leonid Startsev,Tue Mar 17 14:25:05 2020 +0300
Leonid Startsev,Tue Feb 18 17:16:03 2020 +0300
Leonid Startsev,Mon Feb 17 18:47:05 2020 +0300
Leonid Startsev,Fri Feb 14 18:56:35 2020 +0300
Leonid Startsev,Mon Apr 6 22:30:25 2020 +0300
Dominic Fischer,Mon Apr 6 11:55:33 2020 +0100
Vsevolod Tolstopyatov,Fri Apr 3 16:39:49 2020 +0300
Steven Sherry,Fri Apr 3 08:39:31 2020 -0500
Patrick Del Conte,Wed Apr 1 18:32:21 2020 +0200
Vsevolod Tolstopyatov,Fri Mar 27 18:00:02 2020 +0300
Vsevolod Tolstopyatov,Wed Mar 25 20:16:29 2020 +0300
Vsevolod Tolstopyatov,Fri Mar 20 14:10:07 2020 +0300
Vsevolod Tolstopyatov,Fri Mar 20 14:09:07 2020 +0300
Vsevolod Tolstopyatov,Fri Mar 20 12:24:15 2020 +0300
Vsevolod Tolstopyatov,Thu Mar 19 14:21:55 2020 +0300
Vsevolod Tolstopyatov,Wed Mar 18 18:19:33 2020 +0300
Vsevolod Tolstopyatov,Mon Mar 23 15:00:38 2020 +0300
Leonid Startsev,Mon Mar 23 13:11:10 2020 +0300
Leonid Startsev,Fri Mar 20 12:53:54 2020 +0300
Leonid Startsev,Fri Mar 20 11:59:46 2020 +0300
Leonid Startsev,Tue Mar 10 16:04:56 2020 +0300
Leonid Startsev,Wed Mar 11 15:10:23 2020 +0300
Leonid Startsev,Wed Mar 4 22:29:02 2020 +0300
Leonid Startsev,Wed Mar 4 19:12:27 2020 +0300
Leonid Startsev,Wed Mar 4 16:56:36 2020 +0300
Vsevolod Tolstopyatov,Wed Mar 4 14:21:57 2020 +0300
Vsevolod Tolstopyatov,Wed Mar 4 12:46:16 2020 +0300
Leonid Startsev,Wed Mar 4 11:52:21 2020 +0300
Vsevolod Tolstopyatov,Tue Mar 3 19:22:57 2020 +0300
Vsevolod Tolstopyatov,Tue Mar 3 19:21:30 2020 +0300
Leonid Startsev,Tue Mar 3 20:22:04 2020 +0300
Leonid Startsev,Mon Mar 2 20:28:43 2020 +0300
Vsevolod Tolstopyatov,Mon Mar 2 12:15:39 2020 +0300
Vsevolod Tolstopyatov,Fri Feb 28 15:34:16 2020 +0300
Vsevolod Tolstopyatov,Mon Mar 2 12:25:58 2020 +0300
Leonid Startsev,Thu Feb 27 19:13:06 2020 +0300
Leonid Startsev,Thu Feb 27 18:08:04 2020 +0300
Leonid Startsev,Tue Feb 25 20:42:46 2020 +0300
Vsevolod Tolstopyatov,Thu Feb 27 15:09:47 2020 +0300
Vsevolod Tolstopyatov,Tue Feb 18 14:31:30 2020 +0300
Vsevolod Tolstopyatov,Tue Feb 18 13:19:15 2020 +0300
Vsevolod Tolstopyatov,Tue Feb 18 12:40:49 2020 +0300
Vsevolod Tolstopyatov,Mon Feb 17 17:45:59 2020 +0300
Vsevolod Tolstopyatov,Mon Feb 17 16:51:36 2020 +0300
Vsevolod Tolstopyatov,Mon Feb 17 15:04:35 2020 +0300
Vsevolod Tolstopyatov,Wed Feb 12 19:11:43 2020 +0300
Vsevolod Tolstopyatov,Wed Feb 12 17:01:44 2020 +0300
Leonid Startsev,Thu Feb 27 17:15:17 2020 +0300
Vsevolod Tolstopyatov,Wed Feb 26 16:05:23 2020 +0300
Vsevolod Tolstopyatov,Fri Feb 21 20:22:54 2020 +0300
Vsevolod Tolstopyatov,Fri Feb 21 12:50:06 2020 +0300
Vsevolod Tolstopyatov,Thu Feb 20 20:51:09 2020 +0300
Vsevolod Tolstopyatov,Thu Feb 20 16:54:47 2020 +0300
Vsevolod Tolstopyatov,Wed Feb 19 18:31:37 2020 +0300
Vsevolod Tolstopyatov,Mon Feb 17 16:40:00 2020 +0300
Leonid Startsev,Tue Feb 18 19:07:53 2020 +0300
Vsevolod Tolstopyatov,Tue Feb 18 18:54:21 2020 +0300
Vsevolod Tolstopyatov,Tue Feb 18 18:27:46 2020 +0300
Leonid Startsev,Tue Feb 18 21:39:07 2020 +0300
Eduard Wolf,Mon Feb 10 11:38:39 2020 +0100
Jake Wharton,Thu Feb 6 23:08:17 2020 -0500
Vsevolod Tolstopyatov,Wed Feb 5 11:35:39 2020 +0300
Leonid Startsev,Fri Feb 14 00:14:30 2020 +0300
Vsevolod Tolstopyatov,Thu Feb 13 16:15:54 2020 +0300
Vsevolod Tolstopyatov,Wed Feb 12 13:24:11 2020 +0300
Leonid Startsev,Mon Feb 3 20:57:52 2020 +0300
Leonid Startsev,Thu Jan 30 21:08:27 2020 +0300
Vsevolod Tolstopyatov,Wed Feb 12 11:47:22 2020 +0300
Leonid Startsev,Fri Feb 7 12:47:51 2020 +0300
Leonid Startsev,Thu Feb 6 18:26:26 2020 +0300
Leonid Startsev,Thu Feb 6 17:49:08 2020 +0300
Leonid Startsev,Fri Feb 7 17:05:58 2020 +0300
Vsevolod Tolstopyatov,Tue Feb 4 18:16:30 2020 +0300
Vsevolod Tolstopyatov,Tue Feb 4 16:08:20 2020 +0300
Vsevolod Tolstopyatov,Tue Feb 4 15:15:33 2020 +0300
Vsevolod Tolstopyatov,Mon Feb 3 17:36:04 2020 +0300
Vsevolod Tolstopyatov,Mon Feb 3 16:01:52 2020 +0300
Vsevolod Tolstopyatov,Fri Jan 31 14:58:37 2020 +0300
Vsevolod Tolstopyatov,Thu Jan 30 20:21:00 2020 +0300
Vsevolod Tolstopyatov,Thu Jan 30 19:33:40 2020 +0300
Vsevolod Tolstopyatov,Thu Jan 30 19:07:07 2020 +0300
Vsevolod Tolstopyatov,Thu Jan 30 16:08:08 2020 +0300
Leonid Startsev,Wed Feb 5 14:31:45 2020 +0300
Lukasz Kalnik,Wed Feb 5 13:13:00 2020 +0100
Leonid Startsev,Fri Jan 31 14:56:19 2020 +0300
Leonid Startsev,Thu Jan 30 21:11:16 2020 +0300
Vsevolod Tolstopyatov,Thu Jan 30 20:23:34 2020 +0300
Leonid Startsev,Wed Jan 29 22:11:40 2020 +0300
Vsevolod Tolstopyatov,Thu Jan 30 12:24:40 2020 +0300
Vsevolod Tolstopyatov,Tue Jan 28 13:32:33 2020 +0300
Vsevolod Tolstopyatov,Wed Jan 22 13:25:09 2020 +0300
Vsevolod Tolstopyatov,Tue Jan 21 16:21:21 2020 +0300
Vsevolod Tolstopyatov,Tue Jan 21 15:07:46 2020 +0300
Leonid Startsev,Wed Jan 29 21:00:13 2020 +0300
Leonid Startsev,Tue Jan 28 19:46:46 2020 +0300
Leonid Startsev,Mon Jan 27 15:28:58 2020 +0300
Leonid Startsev,Fri Jan 24 18:40:39 2020 +0300
Leonid Startsev,Thu Jan 23 19:22:56 2020 +0300
Leonid Startsev,Thu Jan 23 16:43:39 2020 +0300
Vsevolod Tolstopyatov,Wed Jan 29 02:03:53 2020 -0800
Vsevolod Tolstopyatov,Tue Jan 28 19:11:19 2020 +0300
Vsevolod Tolstopyatov,Tue Jan 28 18:13:16 2020 +0300
Vsevolod Tolstopyatov,Mon Jan 27 19:25:16 2020 +0300
Leonid Startsev,Tue Jan 28 13:33:49 2020 +0300
Vsevolod Tolstopyatov,Fri Jan 24 19:07:56 2020 +0300
Leonid Startsev,Fri Jan 24 14:41:56 2020 +0300
Leonid Startsev,Fri Jan 24 14:13:39 2020 +0300
Leonid Startsev,Wed Jan 22 19:52:13 2020 +0300
Leonid Startsev,Wed Jan 22 19:38:51 2020 +0300
Leonid Startsev,Mon Jan 20 20:09:13 2020 +0300
Leonid Startsev,Fri Jan 17 20:10:43 2020 +0300
Leonid Startsev,Fri Jan 17 18:50:25 2020 +0300
Leonid Startsev,Wed Jan 15 16:51:55 2020 +0300
Leonid Startsev,Wed Jan 22 18:11:05 2020 +0300
Leonid Startsev,Wed Jan 22 17:27:22 2020 +0300
Vsevolod Tolstopyatov,Mon Jan 20 17:13:59 2020 +0100
Vsevolod Tolstopyatov,Mon Jan 20 18:54:31 2020 +0300
Vsevolod Tolstopyatov,Wed Jan 15 18:17:04 2020 +0300
Leonid Startsev,Fri Dec 20 15:19:30 2019 +0300
Sven Obser,Thu Jan 9 20:05:04 2020 +0100
Ugljesa Jovanovic,Fri Dec 27 22:33:48 2019 +0100
Pupil,Sun Dec 29 20:23:15 2019 +0900
Vsevolod Tolstopyatov,Fri Dec 27 15:10:18 2019 +0300
Vsevolod Tolstopyatov,Fri Dec 27 14:59:35 2019 +0300
Vsevolod Tolstopyatov,Fri Dec 27 12:38:39 2019 +0300
Vsevolod Tolstopyatov,Thu Dec 26 19:52:04 2019 +0300
Vsevolod Tolstopyatov,Thu Dec 26 18:51:23 2019 +0300
Vsevolod Tolstopyatov,Tue Dec 24 16:44:08 2019 +0300
Vsevolod Tolstopyatov,Tue Dec 24 16:33:56 2019 +0300
Vsevolod Tolstopyatov,Tue Dec 24 12:26:00 2019 +0300
Michael Kuzmin,Mon Dec 16 22:53:24 2019 +0300
Leonid Startsev,Tue Dec 10 18:49:18 2019 +0300
Leonid Startsev,Thu Dec 12 13:00:54 2019 +0300
yzaoui,Wed Dec 11 09:01:21 2019 -0500
Leonid Startsev,Fri Nov 22 14:32:17 2019 +0300
Leonid Startsev,Tue Nov 19 16:03:06 2019 +0300
Leonid Startsev,Tue Nov 19 15:40:51 2019 +0300
Leonid Startsev,Tue Nov 19 14:20:30 2019 +0300
Leonid Startsev,Tue Nov 19 14:14:49 2019 +0300
Leonid Startsev,Tue Nov 19 14:14:26 2019 +0300
Leonid Startsev,Wed Nov 6 19:46:38 2019 +0300
Vsevolod Tolstopyatov,Tue Nov 5 15:49:15 2019 +0300
Vsevolod Tolstopyatov,Wed Oct 30 14:27:56 2019 +0300
Leonid Startsev,Fri Oct 25 18:50:04 2019 +0300
Leonid Startsev,Fri Oct 4 20:09:27 2019 +0300
Leonid Startsev,Tue Sep 17 19:33:44 2019 +0300
Leonid Startsev,Thu Aug 29 13:21:42 2019 +0300
Leonid Startsev,Wed Jun 19 12:37:13 2019 +0300
Leonid Startsev,Fri Mar 15 17:01:50 2019 +0300
Vsevolod Tolstopyatov,Wed Oct 30 14:48:18 2019 +0300
Leonid Startsev,Thu Oct 31 14:20:51 2019 +0300
Leonid Startsev,Thu Oct 31 14:17:21 2019 +0300
Stephen Samuel,Wed Oct 23 14:50:37 2019 -0500
Leonid Startsev,Fri Oct 18 15:51:59 2019 +0300
Leonid Startsev,Mon Oct 14 14:03:28 2019 +0300
Ioannis Diamantidis,Sun Oct 13 21:28:24 2019 +0200
Leonid Startsev,Fri Oct 11 18:42:48 2019 +0300
Leonid Startsev,Wed Oct 9 18:07:41 2019 +0300
Leonid Startsev,Wed Oct 9 18:09:05 2019 +0300
Stephen Samuel,Sun Oct 6 22:35:58 2019 -0500
DownloadPizza,Thu Oct 3 22:34:04 2019 +0200
Leonid Startsev,Mon Sep 30 12:35:47 2019 +0300
Eduard Wolf,Mon Sep 16 15:58:00 2019 +0200
Paul de Vrieze,Tue Sep 17 13:35:04 2019 +0100
jershell,Sun Sep 15 13:32:28 2019 +0300
Leonid Startsev,Thu Sep 12 14:35:49 2019 +0300
Leonid Startsev,Thu Sep 12 14:06:11 2019 +0300
Leonid Startsev,Tue Sep 3 14:07:22 2019 +0300
Leonid Startsev,Wed Sep 4 19:02:10 2019 +0300
Leonid Startsev,Fri Aug 16 14:58:21 2019 +0300
Leonid Startsev,Wed Sep 11 17:39:36 2019 +0300
Vsevolod Tolstopyatov,Tue Sep 10 14:21:48 2019 +0300
Leonid Startsev,Tue Nov 6 18:28:15 2018 +0300
Vsevolod Tolstopyatov,Mon Sep 9 20:06:42 2019 +0300
Paul de Vrieze,Thu Aug 29 16:04:08 2019 +0100
Leonid Startsev,Thu Aug 29 13:43:54 2019 +0300
Leonid Startsev,Mon Aug 26 15:00:09 2019 +0300
Leonid Startsev,Fri Aug 23 16:44:59 2019 +0300
Leonid Startsev,Fri Aug 23 15:17:09 2019 +0300
Leonid Startsev,Fri Aug 23 15:08:47 2019 +0300
Leonid Startsev,Mon Aug 19 14:39:55 2019 +0300
Leonid Startsev,Mon Aug 19 11:58:19 2019 +0300
Hamed Ghasemzadeh,Mon Aug 19 10:48:56 2019 +0200
Leonid Startsev,Fri Aug 16 12:49:17 2019 +0300
Leonid Startsev,Thu Aug 15 17:16:58 2019 +0300
Vsevolod Tolstopyatov,Wed Aug 14 14:23:37 2019 +0300
Leonid Startsev,Tue Jul 23 20:11:28 2019 +0300
Leonid Startsev,Mon Aug 12 14:21:23 2019 +0300
Leonid Startsev,Mon Jul 29 18:36:34 2019 +0300
Leonid Startsev,Fri Jul 26 16:54:08 2019 +0300
Leonid Startsev,Thu Jul 25 17:26:20 2019 +0300
Leonid Startsev,Thu Jul 25 13:51:54 2019 +0300
Leonid Startsev,Thu Jun 27 14:43:17 2019 +0300
Leonid Startsev,Tue Jul 23 18:58:35 2019 +0300
Vsevolod Tolstopyatov,Tue Jul 2 17:06:33 2019 +0300
Vsevolod Tolstopyatov,Tue Jul 2 12:21:59 2019 +0300
Vsevolod Tolstopyatov,Tue Jul 2 12:04:41 2019 +0300
Vsevolod Tolstopyatov,Mon Jun 24 14:57:53 2019 +0300
Vsevolod Tolstopyatov,Fri Jun 21 15:29:44 2019 +0300
Vsevolod Tolstopyatov,Thu Jun 20 17:56:14 2019 +0300
Vsevolod Tolstopyatov,Thu Jun 20 17:01:57 2019 +0300
Paul de Vrieze,Thu Jul 18 16:54:23 2019 +0100
Kyle Brock,Fri Jul 12 04:41:28 2019 -0500
Leonid Startsev,Thu Jul 11 16:05:14 2019 +0300
Leonid Startsev,Mon Jul 1 13:14:20 2019 +0300
Leonid Startsev,Mon Jun 24 18:15:29 2019 +0300
Vsevolod Tolstopyatov,Mon Jun 24 15:46:54 2019 +0300
Leonid Startsev,Fri Jun 14 11:48:35 2019 +0300
Leonid Startsev,Thu Jun 27 15:45:46 2019 +0300
Leonid Startsev,Wed Jun 19 14:23:46 2019 +0300
Leonid Startsev,Fri Jun 14 12:06:23 2019 +0300
Leonid Startsev,Fri May 31 20:15:27 2019 +0300
Leonid Startsev,Mon Jun 10 20:22:59 2019 +0300
Leonid Startsev,Wed Jun 5 13:02:27 2019 +0300
Leonid Startsev,Fri May 31 14:55:21 2019 +0300
Leonid Startsev,Fri May 31 14:01:20 2019 +0300
Leonid Startsev,Fri May 31 14:01:01 2019 +0300
Leonid Startsev,Fri May 31 12:34:07 2019 +0300
Paul Woitaschek,Wed May 29 09:17:07 2019 +0200
Leonid Startsev,Tue May 21 17:15:27 2019 +0300
Vsevolod Tolstopyatov,Wed May 29 17:39:15 2019 +0300
Leonid Startsev,Mon Apr 29 14:38:40 2019 +0300
Leonid Startsev,Mon Apr 29 15:58:06 2019 +0300
Leonid Startsev,Mon Apr 29 15:39:31 2019 +0300
Leonid Startsev,Tue Apr 23 21:29:03 2019 +0300
Leonid Startsev,Mon Apr 22 17:21:24 2019 +0300
Leonid Startsev,Thu Apr 25 14:46:15 2019 +0300
shun,Tue Apr 16 16:41:46 2019 +0900
Leonid Startsev,Tue Apr 16 14:36:30 2019 +0300
Leonid Startsev,Mon Apr 15 18:22:18 2019 +0300
Leonid Startsev,Fri Apr 12 17:33:02 2019 +0300
Leonid Startsev,Fri Apr 12 16:49:15 2019 +0300
Leonid Startsev,Fri Apr 12 16:23:19 2019 +0300
Vsevolod Tolstopyatov,Fri Apr 12 16:12:37 2019 +0300
Vsevolod Tolstopyatov,Tue Apr 2 18:56:29 2019 +0300
Vsevolod Tolstopyatov,Fri Jan 25 15:15:07 2019 +0300
Vsevolod Tolstopyatov,Thu Jan 24 18:11:11 2019 +0300
Leonid Startsev,Thu Apr 4 15:42:55 2019 +0300
Leonid Startsev,Thu Apr 4 14:16:16 2019 +0300
Leonid Startsev,Tue Mar 26 16:03:18 2019 +0300
Leonid Startsev,Mon Mar 25 19:16:18 2019 +0300
Leonid Startsev,Tue Feb 19 13:39:34 2019 +0300
Leonid Startsev,Thu Feb 21 14:45:05 2019 +0300
Leonid Startsev,Fri Feb 15 17:03:58 2019 +0300
Leonid Startsev,Fri Feb 15 16:07:25 2019 +0300
Leonid Startsev,Fri Mar 22 18:32:14 2019 +0300
Leonid Startsev,Thu Feb 14 15:26:12 2019 +0300
Dominic Fischer,Fri Mar 22 19:14:42 2019 +0000
Vsevolod Tolstopyatov,Fri Mar 22 19:24:50 2019 +0300
Leonid Startsev,Fri Mar 22 17:17:24 2019 +0300
Leonid Startsev,Fri Mar 22 17:16:55 2019 +0300
Leonid Startsev,Fri Mar 22 17:13:42 2019 +0300
Leonid Startsev,Fri Mar 22 17:11:04 2019 +0300
Leonid Startsev,Wed Mar 13 17:36:56 2019 +0300
Leonid Startsev,Wed Mar 13 16:28:37 2019 +0300
Leonid Startsev,Wed Mar 13 16:16:12 2019 +0300
Leonid Startsev,Mon Mar 11 17:33:27 2019 +0300
Leonid Startsev,Mon Mar 11 16:41:55 2019 +0300
Alvaro Miranda Aguilera,Thu Feb 28 01:01:01 2019 +0100
Roman Elizarov,Fri Feb 15 19:10:09 2019 +0300
Vsevolod Tolstopyatov,Thu Feb 14 12:05:39 2019 +0300
Leonid Startsev,Wed Feb 6 17:36:50 2019 +0300
Leonid Startsev,Tue Feb 5 13:04:43 2019 +0300
Leonid Startsev,Tue Jan 29 21:47:46 2019 +0300
Leonid Startsev,Tue Feb 5 19:56:12 2019 +0300
Leonid Startsev,Tue Feb 5 18:19:44 2019 +0300
Leonid Startsev,Tue Feb 5 18:08:59 2019 +0300
Leonid Startsev,Thu Jan 31 17:01:26 2019 +0300
Leonid Startsev,Thu Jan 31 14:33:25 2019 +0300
Leonid Startsev,Thu Jan 31 12:52:58 2019 +0300
Leonid Startsev,Tue Feb 5 17:25:40 2019 +0300
Leonid Startsev,Mon Feb 4 18:39:32 2019 +0300
Leonid Startsev,Mon Feb 4 18:30:16 2019 +0300
Leonid Startsev,Wed Jan 30 19:02:49 2019 +0300
Leonid Startsev,Tue Jul 31 17:50:04 2018 +0300
Leonid Startsev,Tue Feb 5 14:58:14 2019 +0300
Vsevolod Tolstopyatov,Mon Jan 28 19:20:16 2019 +0300
Quentin LITZLER,Mon Jan 14 17:27:58 2019 +0100
Leonid Startsev,Tue Jan 29 12:17:33 2019 +0300
Leonid Startsev,Thu Jan 24 16:53:34 2019 +0300
Leonid Startsev,Thu Jan 24 13:20:53 2019 +0300
Leonid Startsev,Wed Jan 23 14:38:12 2019 +0300
Leonid Startsev,Tue Jan 22 16:19:44 2019 +0300
Leonid Startsev,Tue Jan 22 15:13:44 2019 +0300
Leonid Startsev,Tue Jan 22 14:57:10 2019 +0300
Francesco Vasco,Mon Jan 21 16:50:41 2019 +0100
Charles Korn,Sun Jan 20 17:47:00 2019 -0500
Leonid Startsev,Thu Jan 17 16:19:12 2019 +0300
Leonid Startsev,Thu Jan 17 15:11:48 2019 +0300
Quentin LITZLER,Sat Jan 5 20:11:40 2019 +0100
qlitzler,Tue Jan 15 09:45:47 2019 +0100
Todd Vierling,Sat Jan 12 15:53:20 2019 -0500
Todd Vierling,Sat Jan 12 15:32:02 2019 -0500
Leonid Startsev,Wed Dec 19 20:30:19 2018 +0300
Leonid Startsev,Wed Dec 19 19:50:08 2018 +0300
Leonid Startsev,Wed Dec 19 19:10:09 2018 +0300
Leonid Startsev,Wed Dec 19 18:48:46 2018 +0300
Leonid Startsev,Thu Dec 13 11:57:33 2018 +0300
Leonid Startsev,Thu Sep 13 15:39:21 2018 +0300
Charles Korn,Sun Dec 16 20:21:32 2018 -0600
Raphael Reitzig,Tue Dec 11 22:49:00 2018 +0100
Leonid Startsev,Mon Dec 17 20:27:50 2018 +0300
Leonid Startsev,Wed Dec 12 19:42:48 2018 +0300
Leonid Startsev,Fri Nov 30 16:04:49 2018 +0300
Leonid Startsev,Tue Dec 11 12:12:46 2018 +0300
Leonid Startsev,Tue Nov 20 19:37:06 2018 +0300
Leonid Startsev,Mon Dec 10 18:29:05 2018 +0300
Leonid Startsev,Fri Dec 7 18:17:03 2018 +0300
Leonid Startsev,Fri Dec 7 16:59:42 2018 +0300
Leonid Startsev,Fri Dec 7 15:50:51 2018 +0300
Leonid Startsev,Thu Dec 6 19:29:39 2018 +0300
Leonid Startsev,Thu Dec 6 17:25:27 2018 +0300
Leonid Startsev,Mon Dec 3 14:34:30 2018 +0300
Leonid Startsev,Mon Dec 3 13:12:59 2018 +0300
Kristóf Marussy,Tue Oct 30 17:32:47 2018 +0300
Vsevolod Tolstopyatov,Tue Nov 27 15:36:29 2018 +0300
Vsevolod Tolstopyatov,Tue Nov 27 15:19:32 2018 +0300
Vsevolod Tolstopyatov,Tue Nov 27 13:15:25 2018 +0300
Vsevolod Tolstopyatov,Mon Nov 26 19:37:06 2018 +0300
Vsevolod Tolstopyatov,Mon Nov 26 18:47:18 2018 +0300
Vsevolod Tolstopyatov,Mon Nov 26 15:07:52 2018 +0300
Vsevolod Tolstopyatov,Mon Nov 26 14:22:48 2018 +0300
Vsevolod Tolstopyatov,Fri Nov 23 22:21:01 2018 +0300
Vsevolod Tolstopyatov,Fri Nov 23 16:16:24 2018 +0300
Vsevolod Tolstopyatov,Fri Nov 23 14:35:23 2018 +0300
Vsevolod Tolstopyatov,Fri Nov 23 14:04:05 2018 +0300
Vsevolod Tolstopyatov,Fri Nov 23 13:21:39 2018 +0300
Vsevolod Tolstopyatov,Fri Nov 23 13:01:45 2018 +0300
Vsevolod Tolstopyatov,Fri Nov 23 12:50:52 2018 +0300
Vsevolod Tolstopyatov,Fri Nov 23 12:40:55 2018 +0300
Vsevolod Tolstopyatov,Thu Nov 22 19:59:03 2018 +0300
Leonid Startsev,Wed Nov 21 14:33:38 2018 +0300
Vsevolod Tolstopyatov,Tue Nov 20 18:39:17 2018 +0300
Vsevolod Tolstopyatov,Tue Nov 20 16:24:33 2018 +0300
Vsevolod Tolstopyatov,Tue Nov 20 17:59:03 2018 +0300
Vsevolod Tolstopyatov,Tue Nov 20 15:25:24 2018 +0300
Leonid Startsev,Mon Nov 19 16:20:41 2018 +0300
Leonid Startsev,Mon Nov 19 15:54:34 2018 +0300
Leonid Startsev,Mon Nov 19 15:25:47 2018 +0300
Leonid Startsev,Mon Nov 19 15:18:55 2018 +0300
Leonid Startsev,Mon Nov 19 15:15:02 2018 +0300
Leonid Startsev,Mon Nov 19 14:46:17 2018 +0300
Leonid Startsev,Mon Nov 19 14:20:29 2018 +0300
Vladimir Valeyev,Sun Nov 18 13:35:19 2018 +0600
BenWoodworth,Fri Nov 9 14:15:33 2018 -0500
Leonid Startsev,Fri Nov 9 17:36:41 2018 +0300
Leonid Startsev,Thu Nov 8 19:05:36 2018 +0300
BenWoodworth,Tue Nov 6 10:32:32 2018 -0500
BenWoodworth,Tue Nov 6 10:31:15 2018 -0500
BenWoodworth,Tue Nov 6 10:29:58 2018 -0500
Leonid Startsev,Tue Nov 6 15:51:33 2018 +0300
ben,Mon Nov 5 15:59:13 2018 -0500
ben,Mon Nov 5 08:59:47 2018 -0500
ben,Mon Nov 5 08:53:08 2018 -0500
ben,Mon Nov 5 08:45:20 2018 -0500
ben,Mon Nov 5 08:31:26 2018 -0500
ben,Sun Nov 4 00:32:42 2018 -0400
ben,Sun Nov 4 00:26:26 2018 -0400
Leonid Startsev,Wed Oct 31 18:31:32 2018 +0300
Leonid Startsev,Wed Oct 31 16:19:27 2018 +0300
Manuel Jiménez Torres,Tue Oct 30 16:10:52 2018 +0100
Leonid Startsev,Tue Oct 30 16:22:58 2018 +0300
Leonid Startsev,Tue Oct 30 14:55:44 2018 +0300
Leonid Startsev,Mon Oct 29 15:48:17 2018 +0300
Leonid Startsev,Wed Oct 24 16:15:14 2018 +0300
Leonid Startsev,Thu Oct 25 15:23:50 2018 +0300
Leonid Startsev,Thu Oct 25 14:23:23 2018 +0300
Leonid Startsev,Wed Oct 24 19:58:36 2018 +0300
Leonid Startsev,Wed Oct 24 19:49:57 2018 +0300
Leonid Startsev,Wed Oct 24 20:15:07 2018 +0300
Leonid Startsev,Wed Oct 24 19:58:08 2018 +0300
Leonid Startsev,Wed Oct 24 14:53:03 2018 +0300
Leonid Startsev,Wed Oct 24 14:45:55 2018 +0300
NikkyAI,Tue Sep 18 11:40:12 2018 +0200
Leonid Startsev,Tue Oct 23 20:13:32 2018 +0300
Leonid Startsev,Tue Oct 23 19:36:28 2018 +0300
Leonid Startsev,Tue Oct 23 18:50:39 2018 +0300
Leonid Startsev,Tue Oct 23 15:28:42 2018 +0300
Leonid Startsev,Tue Oct 23 12:32:52 2018 +0300
Leonid Startsev,Mon Oct 22 21:50:36 2018 +0300
Dave Leeds,Mon Oct 22 21:09:34 2018 -0500
Leonid Startsev,Mon Oct 22 17:43:00 2018 +0300
Leonid Startsev,Mon Oct 22 15:09:57 2018 +0300
Leonid Startsev,Fri Oct 19 19:52:17 2018 +0300
Leonid Startsev,Fri Oct 19 19:05:05 2018 +0300
Leonid Startsev,Fri Oct 19 18:27:58 2018 +0300
Leonid Startsev,Fri Oct 19 14:34:14 2018 +0300
Leonid Startsev,Thu Oct 18 17:13:44 2018 +0300
Leonid Startsev,Thu Oct 18 15:20:47 2018 +0300
Leonid Startsev,Thu Oct 18 15:15:01 2018 +0300
Leonid Startsev,Thu Oct 18 15:02:06 2018 +0300
Leonid Startsev,Wed Oct 17 19:30:17 2018 +0300
Leonid Startsev,Wed Oct 17 19:08:58 2018 +0300
Leonid Startsev,Tue Oct 16 12:46:06 2018 +0300
Leonid Startsev,Fri Oct 12 17:27:21 2018 +0300
Leonid Startsev,Tue Oct 9 12:30:23 2018 +0300
Leonid Startsev,Thu Sep 20 22:32:16 2018 +0300
Leonid Startsev,Wed Oct 3 17:43:19 2018 +0300
Leonid Startsev,Fri Sep 28 15:01:49 2018 +0300
Leonid Startsev,Thu Sep 27 18:25:27 2018 +0300
Leonid Startsev,Mon Sep 24 15:43:12 2018 +0300
Leonid Startsev,Mon Sep 24 12:27:20 2018 +0300
Leonid Startsev,Thu Sep 20 15:30:27 2018 +0300
Leonid Startsev,Wed Sep 19 17:56:33 2018 +0300
Leonid Startsev,Wed Sep 19 17:59:19 2018 +0300
Leonid Startsev,Wed Sep 19 17:56:33 2018 +0300
NikkyAI,Tue Sep 18 12:40:12 2018 +0300
Leonid Startsev,Tue Sep 18 15:01:07 2018 +0300
Leonid Startsev,Tue Sep 18 12:31:44 2018 +0300
Leonid Startsev,Mon Sep 17 18:39:02 2018 +0300
Leonid Startsev,Wed Sep 12 17:48:08 2018 +0300
Leonid Startsev,Wed Sep 12 13:19:29 2018 +0300
Leonid Startsev,Wed Sep 12 13:36:59 2018 +0300
Leonid Startsev,Mon Sep 17 12:08:36 2018 +0300
Leonid Startsev,Fri Sep 14 11:58:33 2018 +0300
Leonid Startsev,Thu Sep 13 16:42:08 2018 +0300
Leonid Startsev,Thu Sep 13 14:45:08 2018 +0300
Leonid Startsev,Thu Sep 13 13:02:20 2018 +0300
Leonid Startsev,Wed Sep 12 13:19:29 2018 +0300
Leonid Startsev,Wed Sep 12 12:47:15 2018 +0300
Leonid Startsev,Tue Sep 11 18:37:45 2018 +0300
Leonid Startsev,Tue Sep 11 17:47:21 2018 +0300
Leonid Startsev,Mon Sep 10 14:14:21 2018 +0300
Vsevolod Tolstopyatov,Mon Jul 16 22:13:18 2018 +0300
Vsevolod Tolstopyatov,Mon Jul 16 21:50:57 2018 +0300
Leonid Startsev,Mon Sep 10 11:18:31 2018 +0300
Leonid Startsev,Thu Sep 6 21:03:42 2018 +0300
Leonid Startsev,Thu Sep 6 18:20:57 2018 +0300
Leonid Startsev,Wed Sep 5 21:41:17 2018 +0300
Leonid Startsev,Mon Jul 30 13:07:49 2018 +0300
Leonid Startsev,Wed Jul 25 20:15:04 2018 +0300
Leonid Startsev,Wed Jul 25 14:24:12 2018 +0300
Leonid Startsev,Tue Jul 24 18:31:35 2018 +0300
Leonid Startsev,Tue Jul 24 15:36:09 2018 +0300
Leonid Startsev,Mon Jul 2 20:07:45 2018 +0300
Leonid Startsev,Fri Jul 20 19:09:33 2018 +0300
Leonid Startsev,Tue May 22 13:17:57 2018 +0300
Leonid Startsev,Mon May 21 19:39:37 2018 +0300
Leonid Startsev,Mon May 21 14:44:52 2018 +0300
Leonid Startsev,Mon May 21 13:38:35 2018 +0300
SatoShun,Sun Sep 2 06:32:15 2018 +0000
Robert MacLean,Sat Aug 25 16:12:36 2018 +0200
Leonid Startsev,Tue Aug 7 14:42:28 2018 +0300
Leonid Startsev,Mon Aug 6 17:51:04 2018 +0300
Leonid Startsev,Mon Aug 6 17:46:14 2018 +0300
Leonid Startsev,Mon Aug 6 16:01:22 2018 +0300
Leonid Startsev,Mon Aug 6 15:59:59 2018 +0300
Leonid Startsev,Fri Jul 13 17:48:22 2018 +0300
Leonid Startsev,Thu Jul 19 13:25:17 2018 +0300
Leonid Startsev,Fri Jul 13 17:00:33 2018 +0300
Leonid Startsev,Fri Jul 13 16:00:18 2018 +0300
Leonid Startsev,Tue Jun 26 17:06:14 2018 +0300
Leonid Startsev,Tue Jun 19 15:28:13 2018 +0300
Leonid Startsev,Fri Jul 13 14:54:23 2018 +0300
Leonid Startsev,Fri Jul 13 13:09:17 2018 +0300
Leonid Startsev,Fri Jul 13 12:58:36 2018 +0300
Leonid Startsev,Fri Jul 13 12:12:09 2018 +0300
Vsevolod Tolstopyatov,Thu Jul 12 17:57:51 2018 +0300
Vsevolod Tolstopyatov,Thu Jul 12 11:14:58 2018 +0300
Leonid Startsev,Mon Jul 2 15:08:09 2018 +0300
Leonid Startsev,Fri Jun 29 17:30:18 2018 +0300
Leonid Startsev,Thu Jun 28 16:14:12 2018 +0300
Leonid Startsev,Thu Jun 7 23:38:01 2018 +0300
Leonid Startsev,Fri May 25 18:24:22 2018 +0300
Leonid Startsev,Wed May 16 14:29:46 2018 +0300
Leonid Startsev,Fri May 18 11:55:31 2018 +0300
Leonid Startsev,Mon May 7 20:29:23 2018 +0300
Leonid Startsev,Mon May 7 19:29:31 2018 +0300
Leonid Startsev,Thu May 3 19:57:01 2018 +0300
Leonid Startsev,Sat Apr 28 19:02:28 2018 +0300
Leonid Startsev,Sat Apr 28 18:25:45 2018 +0300
Leonid Startsev,Sat Apr 28 15:05:33 2018 +0300
Leonid Startsev,Thu Apr 26 19:48:39 2018 +0300
Leonid Startsev,Thu Jun 28 15:34:10 2018 +0300
Vsevolod Tolstopyatov,Thu Jun 28 11:23:49 2018 +0300
Leonid Startsev,Tue Jun 26 17:22:20 2018 +0300
Leonid Startsev,Tue Jun 26 14:50:17 2018 +0300
Leonid Startsev,Thu Jun 21 15:42:04 2018 +0300
Leonid Startsev,Wed Jun 13 23:29:49 2018 +0300
Leonid Startsev,Wed Jun 13 23:18:22 2018 +0300
Leonid Startsev,Fri Jun 8 17:41:57 2018 +0300
Leonid Startsev,Mon May 28 14:41:49 2018 +0300
Paul de Vrieze,Sat May 26 16:27:55 2018 +0100
Paul de Vrieze,Sat May 26 14:42:40 2018 +0100
Paul de Vrieze,Fri May 25 11:46:58 2018 +0100
Paul de Vrieze,Fri May 25 11:45:21 2018 +0100
Leonid Startsev,Fri May 25 14:05:15 2018 +0300
Steven Jeuris,Tue May 15 17:38:44 2018 +0200
Leonid Startsev,Thu Apr 26 15:49:24 2018 +0300
Leonid Startsev,Thu Apr 26 15:32:10 2018 +0300
Leonid Startsev,Thu Apr 26 15:24:55 2018 +0300
Leonid Startsev,Wed Apr 25 18:56:12 2018 +0300
Vsevolod Tolstopyatov,Wed Apr 18 21:40:50 2018 +0300
Vsevolod Tolstopyatov,Wed Apr 18 20:55:47 2018 +0300
Leonid Startsev,Thu Apr 12 14:10:06 2018 +0300
Leonid Startsev,Tue Apr 3 17:38:39 2018 +0300
Leonid Startsev,Wed Apr 25 13:00:46 2018 +0300
Leonid Startsev,Thu Apr 19 16:29:56 2018 +0300
Leonid Startsev,Thu Apr 19 16:09:18 2018 +0300
Leonid Startsev,Tue Apr 17 16:36:17 2018 +0300
Leonid Startsev,Tue Mar 27 20:09:53 2018 +0300
Dan,Tue Mar 27 12:57:08 2018 -0400
Leonid Startsev,Tue Mar 27 18:22:12 2018 +0300
Leonid Startsev,Tue Mar 27 18:20:51 2018 +0300
Roman Elizarov,Wed Mar 21 20:50:54 2018 +0300
Roman Elizarov,Wed Mar 21 19:28:50 2018 +0300
Leonid Startsev,Wed Mar 7 16:57:03 2018 +0300
Leonid Startsev,Wed Mar 7 16:21:06 2018 +0300
Leonid Startsev,Wed Mar 7 12:41:47 2018 +0300
Leonid Startsev,Sat Feb 17 15:54:31 2018 +0300
Pavel Sveda,Fri Feb 16 22:47:59 2018 +0100
Leonid Startsev,Fri Feb 16 14:25:14 2018 +0300
Pavel Sveda,Thu Feb 15 09:43:41 2018 +0100
Pavel Sveda,Thu Feb 15 09:25:12 2018 +0100
Leonid Startsev,Tue Feb 13 15:25:15 2018 +0300
Robert Stoll,Mon Feb 12 16:26:16 2018 +0100
Leonid Startsev,Tue Feb 6 17:58:48 2018 +0300
Leonid Startsev,Tue Feb 6 17:40:46 2018 +0300
Leonid Startsev,Tue Feb 6 11:37:02 2018 +0300
Leonid Startsev,Tue Feb 6 11:34:29 2018 +0300
Bernhard Danecker,Sat Feb 3 22:15:11 2018 +0100
Bernhard Danecker,Sat Feb 3 21:38:20 2018 +0100
Bernhard Danecker,Sat Feb 3 21:16:03 2018 +0100
Leonid Startsev,Thu Feb 1 16:13:56 2018 +0300
Leonid Startsev,Thu Feb 1 16:03:25 2018 +0300
Leonid Startsev,Wed Jan 24 17:13:12 2018 +0300
Leonid Startsev,Fri Dec 22 20:09:53 2017 +0300
Leonid Startsev,Fri Dec 22 19:45:44 2017 +0300
Leonid Startsev,Thu Dec 7 18:01:42 2017 +0300
Leonid Startsev,Thu Dec 7 15:49:26 2017 +0300
Leonid Startsev,Wed Dec 6 13:33:35 2017 +0300
Leonid Startsev,Fri Dec 22 18:24:52 2017 +0300
Leonid Startsev,Fri Dec 22 18:11:37 2017 +0300
Leonid Startsev,Fri Dec 22 14:24:12 2017 +0300
Leonid Startsev,Wed Dec 20 20:18:24 2017 +0300
Leonid Startsev,Wed Dec 20 19:15:41 2017 +0300
Leonid Startsev,Wed Dec 20 15:10:33 2017 +0300
Leonid Startsev,Thu Dec 14 18:19:28 2017 +0300
Leonid Startsev,Thu Dec 14 17:01:00 2017 +0300
Leonid Startsev,Wed Dec 13 12:48:58 2017 +0300
Leonid Startsev,Thu Dec 7 23:23:17 2017 +0300
Leonid Startsev,Wed Nov 29 20:59:31 2017 +0300
Leonid Startsev,Wed Nov 29 20:03:29 2017 +0300
Leonid Startsev,Wed Nov 29 19:47:14 2017 +0300
Leonid Startsev,Wed Nov 29 13:20:51 2017 +0300
Leonid Startsev,Wed Nov 29 12:59:29 2017 +0300
Leonid Startsev,Wed Nov 29 12:01:47 2017 +0300
Leonid Startsev,Wed Nov 29 12:01:04 2017 +0300
Leonid Startsev,Fri Nov 24 21:54:05 2017 +0300
Leonid Startsev,Wed Nov 22 19:24:02 2017 +0300
Leonid Startsev,Wed Nov 22 13:44:21 2017 +0300
Leonid Startsev,Wed Nov 22 12:57:23 2017 +0300
Leonid Startsev,Wed Nov 15 14:42:36 2017 +0300
Leonid Startsev,Wed Nov 15 14:42:36 2017 +0300
Leonid Startsev,Thu Nov 9 19:55:51 2017 +0300
Leonid Startsev,Thu Nov 9 17:36:09 2017 +0300
Leonid Startsev,Thu Nov 9 16:38:54 2017 +0300
Pavlos-Petros Tournaris,Wed Nov 8 19:39:23 2017 -0800
Leonid Startsev,Fri Nov 3 15:23:00 2017 +0300
Leonid Startsev,Fri Nov 3 15:11:02 2017 +0300
Leonid Startsev,Wed Oct 25 12:01:01 2017 +0300
Leonid Startsev,Fri Oct 20 23:22:00 2017 +0300
Leonid Startsev,Fri Oct 20 20:42:07 2017 +0300
Leonid Startsev,Fri Oct 20 18:52:30 2017 +0300
Leonid Startsev,Fri Oct 20 18:44:30 2017 +0300
Leonid Startsev,Fri Oct 20 16:19:49 2017 +0300
Leonid Startsev,Fri Oct 20 14:38:39 2017 +0300
Leonid Startsev,Thu Oct 19 20:12:22 2017 +0300
Leonid Startsev,Thu Oct 19 16:32:22 2017 +0300
Leonid Startsev,Wed Oct 18 21:09:40 2017 +0300
Leonid Startsev,Wed Oct 18 21:07:10 2017 +0300
Leonid Startsev,Wed Oct 18 16:02:17 2017 +0300
Leonid Startsev,Thu Sep 21 17:52:35 2017 +0300
Leonid Startsev,Fri Oct 6 20:09:21 2017 +0300
Leonid Startsev,Wed Oct 4 22:26:43 2017 +0300
Artur Dryomov,Wed Oct 4 22:15:58 2017 +0300
Leonid Startsev,Wed Oct 4 12:26:43 2017 +0300
Leonid Startsev,Fri Sep 29 18:45:23 2017 +0300
Leonid Startsev,Fri Sep 29 18:36:47 2017 +0300
Leonid Startsev,Fri Sep 29 18:13:28 2017 +0300
Leonid Startsev,Fri Sep 29 16:50:31 2017 +0300
Leonid Startsev,Thu Sep 28 16:46:54 2017 +0300
Leonid Startsev,Mon Sep 25 17:55:55 2017 +0300
Leonid Startsev,Mon Sep 25 16:41:38 2017 +0300
Leonid Startsev,Mon Sep 25 15:54:28 2017 +0300
Roman Elizarov,Mon Sep 25 15:29:15 2017 +0300
Leonid Startsev,Fri Sep 22 16:50:39 2017 +0300
Leonid Startsev,Fri Sep 22 15:00:00 2017 +0300
Leonid Startsev,Fri Sep 22 13:07:20 2017 +0300
Leonid Startsev,Fri Sep 22 11:58:07 2017 +0300
Roman Elizarov,Thu Sep 21 18:44:20 2017 +0300
Roman Elizarov,Thu Sep 21 18:12:04 2017 +0300
Leonid Startsev,Thu Sep 21 16:18:32 2017 +0300
Leonid Startsev,Wed Sep 20 15:44:59 2017 +0300
Leonid Startsev,Wed Sep 20 15:02:12 2017 +0300
Leonid Startsev,Wed Sep 20 13:02:02 2017 +0300
Leonid Startsev,Tue Sep 19 20:52:29 2017 +0300
Leonid Startsev,Fri Sep 15 18:05:15 2017 +0300
Leonid Startsev,Fri Sep 15 18:02:59 2017 +0300
Roman Elizarov,Fri Sep 15 15:33:41 2017 +0300
Roman Elizarov,Fri Sep 15 15:13:49 2017 +0300
Leonid Startsev,Fri Sep 15 14:04:01 2017 +0300
Leonid Startsev,Fri Sep 15 13:54:51 2017 +0300
Roman Elizarov,Thu Sep 14 14:01:23 2017 +0300
Leonid Startsev,Thu Sep 14 13:19:32 2017 +0300
Leonid Startsev,Fri Sep 8 15:51:18 2017 +0300
Leonid Startsev,Thu Sep 7 19:06:55 2017 +0300
Leonid Startsev,Fri Sep 1 13:31:57 2017 +0300
Leonid Startsev,Thu Aug 24 14:36:33 2017 +0300
Leonid Startsev,Thu Aug 24 13:31:32 2017 +0300
Leonid Startsev,Thu Aug 24 13:22:45 2017 +0300
Leonid Startsev,Wed Aug 23 16:09:21 2017 +0300
Leonid Startsev,Wed Aug 9 16:07:06 2017 +0300
Leonid Startsev,Wed Aug 9 11:36:01 2017 +0300
Leonid Startsev,Mon Aug 7 16:24:32 2017 +0300
Leonid Startsev,Sat Aug 5 17:06:05 2017 +0300
Leonid Startsev,Fri Aug 4 17:41:46 2017 +0300
Leonid Startsev,Fri Aug 4 17:33:09 2017 +0300
Leonid Startsev,Thu Aug 3 15:38:10 2017 +0300
Leonid Startsev,Thu Aug 3 15:31:40 2017 +0300
Leonid Startsev,Thu Aug 3 15:26:43 2017 +0300
Leonid Startsev,Thu Aug 3 11:25:41 2017 +0300
Leonid Startsev,Thu Aug 3 11:24:55 2017 +0300
Leonid Startsev,Thu Aug 3 11:21:08 2017 +0300
Leonid Startsev,Mon Jul 31 16:56:31 2017 +0300
Leonid Startsev,Mon Jul 31 15:12:28 2017 +0300
Leonid Startsev,Wed Jul 26 15:22:28 2017 +0300
Leonid Startsev,Wed Jul 26 15:17:37 2017 +0300
Leonid Startsev,Wed Jul 26 15:16:23 2017 +0300
